Mã dự án,Tên dự án,Tên khác,Loại dự án,Địa chỉ,Phường/Xã,Quận/Huyện,Tỉnh/Thành phố,Địa chỉ chi tiết,Trạng thái giao dịch,Số tin bán,Số tin thuê,Tổng số tin,Số người bán,Ngày tạo,Ngày cập nhật,Ngày bắt đầu xây dựng,Ngày trả bàn giao,Diện tích tổng,Diện tích xây dựng,Giá bán thấp nhất,Giá bán cao nhất,Giá thấp nhất/m2,Giá cao nhất/m2,Nhà đầu tư,Loại hình,Tiến độ,Trạng thái
1021586054,Tân Phú Center City,Tân Phú Center City,"Biệt thự, liền kề","Đường Nguyễn Sơn, Phường Hiệp Tân, Quận Tân Phú, Tp Hồ Chí Minh",Phường Hiệp Tân,Quận Tân Phú,Tp Hồ Chí Minh,,,0,0,0,0,2025-05-30 15:07:43,2026-04-01 11:38:11,,2025-05-30 15:07:42,0,0,0,0,0,0,,"Biệt thự, liền kề",,
1041562680,Hoàng Phú Nha Trang,Hoàng Phú Nha Trang,Đất nền,"Đường 2/4, Phường Vĩnh Hòa, Thành phố Nha Trang, Khánh Hòa",Phường Vĩnh Hòa,Thành phố Nha Trang,Khánh Hòa,,,1,0,1,0,2025-05-30 15:07:44,2026-03-30 10:20:09,,2025-05-30 15:07:42,0,0,0,0,0,0,,Đất nền,,
1052817304,Bình Điền Center  2 Bình Chánh,Bình Điền Center  2 Bình Chánh,Đất nền,Đường Nguyễn Hữu Trí,Thị trấn Tân Túc,Huyện Bình Chánh,Tp Hồ Chí Minh,"Đường Nguyễn Hữu Trí, Tân Túc, Thị trấn Tân Túc, Huyện Bình Chánh, Thành phố Hồ Chí Minh, Việt Nam",,0,0,0,0,2025-05-30 15:07:44,2026-04-01 11:40:10,,2025-05-30 15:07:42,0,0,0,0,0,0,,Đất nền,,
1065654863,Phú Gia Cotec,Phú Gia Cotec,Đất nền,Đường Huỳnh Tấn Phát,,Huyện Nhà Bè,Tp Hồ Chí Minh,"Đường Huỳnh Tấn Phát, Xã Phú Xuân, Huyện Nhà Bè, Thành phố Hồ Chí Minh, Việt Nam",,1,0,1,0,2025-05-30 15:07:44,2026-04-01 11:40:10,,2025-05-30 15:07:42,0,0,0,0,0,0,,Đất nền,,
1072226543,Capital Square,,Căn hộ chung cư,Đường Trần Hưng Đạo,Phường An Hải Bắc,Quận Sơn Trà,Đà Nẵng,"Đường Trần Hưng Đạo, Phường An Hải Bắc, Quận Sơn Trà, Thành phố Đà Nẵng, Việt Nam",Sắp mở bán,12,0,12,0,2025-10-09 10:38:49,2026-03-30 10:20:09,2025-08-17 00:00:00,2025-10-09 10:38:49,0,0,0,-1,0,-1,,Căn hộ chung cư,Đã hoàn thành,Sắp mở bán
1110218675,Bcons Avenue,Bcons Avenue,Căn hộ chung cư,"Đường Võ Nguyên Giáp, phường Bình Thắng, TP. Dĩ An, tỉnh Bình Dương",Phường Bình Thắng,Thành phố Dĩ An,Bình Dương,,Đang mở bán,1,0,1,0,2025-06-20 12:26:22,2026-03-30 10:20:09,2024-06-20 00:00:00,2025-06-20 12:26:22,0,0,0,-1,0,-1,,Căn hộ chung cư,Đang thi công,Đang mở bán
1138817638,The Emerald Garden View,The Emerald Garden View,Căn hộ chung cư,Đường Nguyễn Chí Thanh,Phường Hưng Định,Thành phố Thuận An,Bình Dương,"Đường Nguyễn Chí Thanh, Phường An Thạnh, Thành phố Thuận An, Tỉnh Bình Dương, Việt Nam",Sắp mở bán,22,0,22,0,2026-03-16 11:02:27,2026-03-30 10:20:09,2025-10-29 00:00:00,2026-03-16 11:02:27,17988,17988,-1,-1,35000000,-1,Lê Phong Group,Căn hộ chung cư,Đang thi công,Sắp mở bán
1176809802,Happy Home Dĩ An ,,Căn hộ chung cư,Đường Nguyễn Thị Minh Khai,Phường Tân Đông Hiệp,Thành phố Dĩ An,Bình Dương,"Đường Nguyễn Thị Minh Khai, Phường Tân Đông Hiệp, Thành phố Dĩ An, Tỉnh Bình Dương, Việt Nam",Đang mở bán,1,0,1,0,2025-07-09 11:11:43,2026-03-30 10:20:09,2024-12-20 00:00:00,2025-07-09 11:11:43,0,0,0,-1,0,-1,,Căn hộ chung cư,Đã hoàn thành,Đang mở bán
122798906,Nhà Xinh Residential,Nhà Xinh Residential,Khu dân cư,Đường Đinh Đức Thiện,,Huyện Bình Chánh,Tp Hồ Chí Minh,"Đường Đinh Đức Thiện, Bình Chánh, Xã Bình Chánh, Huyện Bình Chánh, Thành phố Hồ Chí Minh, Việt Nam",,0,0,0,0,2025-05-30 15:07:43,2026-04-01 11:38:11,,2025-05-30 15:07:42,0,0,0,0,0,0,,Khu dân cư,,
1232627742,Cửa Cờn Riverside,Cửa Cờn Riverside,Đất nền,"Dự án Cửa Cờn Riverside, Phường Quỳnh Dị, Thị xã Hoàng Mai, Nghệ An",Phường Quỳnh Dị,Thị xã Hoàng Mai,Nghệ An,,,0,0,0,0,2025-05-30 15:07:44,2026-03-30 10:20:09,,2025-05-30 15:07:42,0,0,0,0,0,0,,Đất nền,,
1238359518,Tiny House,Tiny House,Khu dân cư,Đường Tô Ngọc Vân,Phường Thạnh Xuân,Quận 12,Tp Hồ Chí Minh,"Đường Tô Ngọc Vân, Phường Thạnh Xuân, Quận 12, Thành phố Hồ Chí Minh, Việt Nam",,0,0,0,0,2025-05-30 15:07:43,2026-04-01 11:38:11,,2025-05-30 15:07:42,0,0,0,0,0,0,,Khu dân cư,,
1245465805, Sun Spana Tower,,Căn hộ chung cư,Đường Nguyễn Phước Lan,Phường Hòa Xuân,Quận Cẩm Lệ,Đà Nẵng,"Đường Nguyễn Phước Lan, Phường Hòa Xuân, Quận Cẩm Lệ, Thành phố Đà Nẵng, Việt Nam",Đang mở bán,4,0,4,0,2025-09-30 14:18:29,2026-03-30 10:20:09,2025-08-30 00:00:00,2025-09-30 14:18:29,0,0,0,-1,0,-1,,Căn hộ chung cư,Đang thi công,Đang mở bán
1299186577,Khu đô thị Phố chợ Phú Khương,Khu đô thị Phố chợ Phú Khương,Đất nền,Đường Đồng Khởi,Phường Phú Khương,Thành phố Bến Tre,Bến Tre,"Đường Đồng Khởi, Phường Phú Khương, Thành phố Bến Tre, Tỉnh Bến Tre, Việt Nam",,1,0,1,0,2025-05-30 15:07:44,2026-03-30 10:20:09,,2025-05-30 15:07:42,0,0,0,0,0,0,,Đất nền,,
1304950609,Khu nhà ở dịch vụ Lê Đình Cẩn,Khu nhà ở dịch vụ Lê Đình Cẩn,Khu dân cư,Đường Lê Đình Cẩn,Phường Tân Tạo,Quận Bình Tân,Tp Hồ Chí Minh,"Đường Lê Đình Cẩn, Phường Tân Tạo, Quận Bình Tân, Thành phố Hồ Chí Minh, Việt Nam",,1,1,2,0,2025-05-30 15:07:43,2026-04-01 11:38:11,,2025-05-30 15:07:42,0,0,0,0,0,0,,Khu dân cư,,
130986537,Danko Avenue,Danko Avenue,Đất nền,"Đường Thắng Lợi, Phường Bách Quang, Thành phố Sông Công, Thái Nguyên",Phường Bách Quang,Thành phố Sông Công,Thái Nguyên,,,0,0,0,0,2025-05-30 15:07:44,2026-03-30 10:20:09,,2025-05-30 15:07:42,0,0,0,0,0,0,,Đất nền,,
1312056900,Happy One Mori,Happy One Mori,Căn hộ chung cư,Đường Lái Thiêu 14,Phường Lái Thiêu,Thành phố Thuận An,Bình Dương,"Đường Lái Thiêu 14, Phường Lái Thiêu, Thành phố Thuận An, Tỉnh Bình Dương, Việt Nam",Sắp mở bán,2,0,2,0,2026-03-10 15:53:37,2026-03-30 10:20:09,2025-08-09 00:00:00,2026-03-10 15:53:37,1.08,10802,0,-1,0,-1,CÔNG TY CỔ PHẦN TẬP ĐOÀN ĐỊA ỐC VẠN XUÂN,Căn hộ chung cư,Đang thi công,Sắp mở bán
1343991333,Bảo Sơn Tân Phú Center,Bảo Sơn Tân Phú Center,Khu dân cư,Đường Nguyễn Sơn,,Quận Tân Phú,Tp Hồ Chí Minh,"Đường Nguyễn Sơn, Phường Phú Thạnh, Quận Tân Phú, Thành phố Hồ Chí Minh, Việt Nam",,0,0,0,0,2025-05-30 15:07:43,2026-04-01 11:38:11,,2025-05-30 15:07:42,0,0,0,0,0,0,,Khu dân cư,,
1351097640,The Gió Riverside,The Gió Riverside,Căn hộ chung cư,"Đường DT16, phường Bình An, TP Dĩ An, Bình Dương",Phường Bình An,Thành phố Dĩ An,Bình Dương,,Đang mở bán,6,0,6,0,2025-06-20 12:37:02,2026-03-30 10:20:09,2024-06-26 00:00:00,2025-06-20 12:37:02,0,0,0,-1,0,-1,,Căn hộ chung cư,Đang thi công,Đang mở bán
1417689251, Yên Bình Complex,,Căn hộ chung cư,"Phường Đồng Tiến, xã Tân Hương, Thành phố Phổ Yên, Thái Nguyên",Xã Tân Hương,Thị xã Phổ Yên,Thái Nguyên,,Đang mở bán,0,0,0,0,2025-08-26 10:09:40,2026-03-30 10:20:09,2025-05-26 00:00:00,2025-08-26 10:09:40,0,0,0,-1,0,-1,,Căn hộ chung cư,Đang thi công,Đang mở bán
1452009,An Phú Luxury Villas,An Phú Luxury Villas,Khu dân cư,"Đường Thạnh Xuân 22, Phường Thạnh Xuân, Quận 12, Tp Hồ Chí Minh",Phường Thạnh Xuân,Quận 12,Tp Hồ Chí Minh,,,0,0,0,0,2025-05-30 15:07:43,2026-04-01 11:38:11,,2025-05-30 15:07:42,0,0,0,0,0,0,,Khu dân cư,,
1464289910,Pier IX,Pier IX,Khu dân cư,"Đường Quốc lộ 1A, Phường Thới An, Quận 12, Tp Hồ Chí Minh",,Quận 12,Tp Hồ Chí Minh,,,0,0,0,0,2025-05-30 15:07:43,2026-04-01 11:38:11,,2025-05-30 15:07:42,0,0,0,0,0,0,,Khu dân cư,,
1475544534,The Sol Residence,The Sol Residence,"Biệt thự, liền kề",Đường Thạnh Xuân 38,Phường Thạnh Xuân,Quận 12,Tp Hồ Chí Minh,"Đường Thạnh Xuân 38, Phường Thạnh Xuân, Quận 12, Thành phố Hồ Chí Minh, Việt Nam",,0,0,0,0,2025-05-30 15:07:43,2026-04-01 11:38:11,,2025-05-30 15:07:42,0,0,0,0,0,0,,"Biệt thự, liền kề",,
1479238455,Khu dân cư Young Family,Khu dân cư Young Family,Khu dân cư,Đường Nguyễn Thị Lắng,,Huyện Củ Chi,Tp Hồ Chí Minh,"Đường Nguyễn Thị Lắng, Xã Tân Phú Trung, Huyện Củ Chi, Thành phố Hồ Chí Minh, Việt Nam",,0,0,0,0,2025-05-30 15:07:43,2026-04-01 11:38:11,,2025-05-30 15:07:42,0,0,0,0,0,0,,Khu dân cư,,
1485296186,The Solia,,Khu đô thị mới,"Số 30, Tỉnh Lộ 830 (Vành Đai 4), xã Lương Hòa, Bến Lức, Long An",Xã Lương Hòa,Huyện Bến Lức,Long An,,Đang mở bán,3,0,3,0,2025-12-30 15:43:14,2026-03-30 10:20:09,2025-12-30 00:00:00,2025-12-30 15:43:14,0,0,0,-1,0,-1,,Khu đô thị mới,Đang thi công,Đang mở bán
1489444503,Lavila De Rio,Lavila De Rio,"Biệt thự, liền kề",Đường Nguyễn Hữu Thọ,Xã Phước Kiển,Huyện Nhà Bè,Tp Hồ Chí Minh,"Đường Nguyễn Hữu Thọ, Xã Phước Kiển, Huyện Nhà Bè, Thành phố Hồ Chí Minh, Việt Nam",,0,0,0,0,2025-05-30 15:07:43,2026-04-01 11:38:10,,2025-05-30 15:07:42,0,0,0,0,0,0,,"Biệt thự, liền kề",,
1520675753,The Sholi Bình Tân,The Sholi Bình Tân,Khu dân cư,Đường An Dương Vương,,Quận Bình Tân,Tp Hồ Chí Minh,"Đường An Dương Vương, Phường An Lạc, Quận Bình Tân, Thành phố Hồ Chí Minh, Việt Nam",,0,0,0,0,2025-05-30 15:07:43,2026-04-01 11:38:11,,2025-05-30 15:07:42,0,0,0,0,0,0,,Khu dân cư,,
1540084988,Biên Hòa Center City,Biên Hòa Center City,Đất nền,Đường Nguyễn Thị Tồn,Phường Bửu Hòa,Thành phố Biên Hòa,Đồng Nai,"Đường Nguyễn Thị Tồn, Phường Bửu Hòa, Thành phố Biên Hòa, Tỉnh Đồng Nai, Việt Nam",,0,0,0,0,2025-05-30 15:07:44,2026-03-30 10:20:09,,2025-05-30 15:07:42,0,0,0,0,0,0,,Đất nền,,
1569922269,Lovera Premier,Lovera Premier,"Biệt thự, liền kề",Đường Trịnh Quang Nghị,,Huyện Bình Chánh,Tp Hồ Chí Minh,"Đường Trịnh Quang Nghị, Xã Phong Phú, Huyện Bình Chánh, Thành phố Hồ Chí Minh, Việt Nam",,3,1,4,0,2025-05-30 15:07:43,2026-04-01 11:38:11,,2025-05-30 15:07:42,0,0,0,0,0,0,,"Biệt thự, liền kề",,
1599537280,Ruby Boutique Residences,Ruby Boutique Residences,Khu dân cư,Đường Trịnh Đình Trọng,Phường Hòa Thạnh,Quận Tân Phú,Tp Hồ Chí Minh,"Đường Trịnh Đình Trọng, Phường Hòa Thạnh, Quận Tân Phú, Thành phố Hồ Chí Minh, Việt Nam",,0,0,0,0,2025-05-30 15:07:43,2026-04-01 11:38:11,,2025-05-30 15:07:42,0,0,0,0,0,0,,Khu dân cư,,
1606676087,Châu Thành Center,Châu Thành Center,Đất nền,"Đường Số 5, Thị Trấn Ngã Sáu, Huyện Châu Thành, Hậu Giang",Thị Trấn Ngã Sáu,Huyện Châu Thành,Hậu Giang,,,0,0,0,0,2025-05-30 15:07:44,2026-03-30 10:20:09,,2025-05-30 15:07:42,0,0,0,0,0,0,,Đất nền,,
160823822,Levata City,Levata City,Khu dân cư,"Đường 1B, Phường Bình Trị Đông, Quận Bình Tân, Tp Hồ Chí Minh",Phường Bình Trị Đông,Quận Bình Tân,Tp Hồ Chí Minh,,,0,0,0,0,2025-05-30 15:07:43,2026-04-01 11:38:11,,2025-05-30 15:07:42,0,0,0,0,0,0,,Khu dân cư,,
1655922875,Phú Mỹ Hưng L'Arcade,Phú Mỹ Hưng L'Arcade,Khu dân cư,Đường Tân Trào,,Quận 7,Tp Hồ Chí Minh,"Đường Tân Trào, Phường Tân Phú, Quận 7, Thành phố Hồ Chí Minh, Việt Nam",,0,0,0,0,2025-05-30 15:07:44,2026-04-01 11:38:11,,2025-05-30 15:07:42,0,0,0,0,0,0,,Khu dân cư,,
1675331854,Orchard Heights - Sycamore,Orchard Heights - Sycamore,Căn hộ chung cư,Đường Hùng Vương,Phường Phú Mỹ,Thành phố Thủ Dầu Một,Bình Dương,"Đường Hùng Vương, Phường Phú Mỹ, Thành phố Thủ Dầu Một, Tỉnh Bình Dương, Việt Nam",Đang mở bán,0,0,0,0,2025-06-20 12:35:02,2026-03-30 10:20:09,2024-02-01 00:00:00,2025-06-20 12:35:02,0,0,0,-1,0,-1,,Căn hộ chung cư,Đang thi công,Đang mở bán
1681077208,Phú Mỹ Hưng L'Arcade,Phú Mỹ Hưng L'Arcade,Khu dân cư,Đường Tân Trào,,Quận 7,Tp Hồ Chí Minh,"Đường Tân Trào, Phường Tân Phú, Quận 7, Thành phố Hồ Chí Minh, Việt Nam",,0,0,0,0,2025-05-30 15:07:43,2026-04-01 11:38:11,,2025-05-30 15:07:42,0,0,0,0,0,0,,Khu dân cư,,
1693379896,Essensia Parkway,Essensia Parkway,"Biệt thự, liền kề",Đường Nguyễn Hữu Thọ,Xã Phước Kiển,Huyện Nhà Bè,Tp Hồ Chí Minh,"Đường Nguyễn Hữu Thọ, Xã Phước Kiển, Huyện Nhà Bè, Thành phố Hồ Chí Minh, Việt Nam",,0,0,0,0,2025-05-30 15:07:43,2026-04-01 11:38:11,,2025-05-30 15:07:42,0,0,0,0,0,0,,"Biệt thự, liền kề",,
1705169391,Khu dân cư Tân Quý Tây,Khu dân cư Tân Quý Tây,Khu dân cư,Đường Đinh Đức Thiện,Xã Tân Quý Tây,Huyện Bình Chánh,Tp Hồ Chí Minh,"Đường Đinh Đức Thiện, Xã Tân Quý Tây, Huyện Bình Chánh, Thành phố Hồ Chí Minh, Việt Nam",,1,0,1,0,2025-05-30 15:07:43,2026-04-01 11:38:11,,2025-05-30 15:07:42,0,0,0,0,0,0,,Khu dân cư,,
1713324242,Khu dân cư Nguyễn Tri Phương,Khu dân cư Nguyễn Tri Phương,Đất nền,"Đường Nguyễn Tri Phương, Phường Chánh Lộ, Thành phố Quảng Ngãi, Quảng Ngãi",Phường Chánh Lộ,Thành phố Quảng Ngãi,Quảng Ngãi,,,0,0,0,0,2025-05-30 15:07:44,2026-03-30 10:20:09,,2025-05-30 15:07:42,0,0,0,0,0,0,,Đất nền,,
1741923457,The Aspira,The Aspira,Căn hộ chung cư,"Đ. Nguyễn Thị Minh Khai, Tân Phú, Dĩ An, Bình Dương",Phường Tân Bình,Thành phố Dĩ An,Bình Dương,,Đang mở bán,12,0,12,0,2025-08-15 16:04:24,2026-03-30 10:20:09,2024-10-26 00:00:00,2025-08-15 16:04:24,0,0,0,-1,0,-1,,Căn hộ chung cư,Đang thi công,Đang mở bán
1779915349,Khu đô thị Nam Đầm Vạc,Khu đô thị Nam Đầm Vạc,Đất nền,"Đường Ngô Quyền, Phường Khai Quang, Thành phố Vĩnh Yên, Vĩnh Phúc",Phường Khai Quang,Thành phố Vĩnh Yên,Vĩnh Phúc,,,0,0,0,0,2025-05-30 15:07:44,2026-03-30 10:20:09,,2025-05-30 15:07:42,0,0,0,0,0,0,,Đất nền,,
1810611736,A&T Sky Garden,A&T Sky Garden,Căn hộ chung cư,Đường Cách Mạng Tháng 8,Phường Lái Thiêu,Thành phố Thuận An,Bình Dương,"Đường Cách Mạng Tháng 8, Phường Lái Thiêu, Thành phố Thuận An, Tỉnh Bình Dương, Việt Nam",Đang mở bán,10,0,10,0,2025-12-16 11:57:05,2026-03-30 10:20:09,2024-01-16 00:00:00,2025-12-16 11:57:05,0,0,0,-1,0,-1,,Căn hộ chung cư,Đang thi công,Đang mở bán
1840416505,Bảo Phú Residence,Bảo Phú Residence,Khu dân cư,Đường Võ Thị Liễu,Phường An Phú Đông,Quận 12,Tp Hồ Chí Minh,"Đường Võ Thị Liễu, Phường An Phú Đông, Quận 12, Thành phố Hồ Chí Minh, Việt Nam",,0,0,0,0,2025-05-30 15:07:43,2026-04-01 11:38:11,,2025-05-30 15:07:42,0,0,0,0,0,0,,Khu dân cư,,
1848604140,Green Tower Dĩ An,Green Tower Dĩ An,Căn hộ chung cư,"Đường Quốc Lộ 1K & Đường GS1, phường Đông Hòa, TP Dĩ An, tỉnh Bình Dương",Phường Đông Hòa,Thành phố Dĩ An,Bình Dương,,Đang mở bán,0,0,0,0,2025-06-20 12:31:58,2026-03-30 10:20:09,2023-05-24 00:00:00,2025-06-20 12:31:58,0,0,0,-1,0,-1,,Căn hộ chung cư,Đang thi công,Đang mở bán
1870064300,Ny'ah Bình Tây,Ny'ah Bình Tây,Khu dân cư,Đường Hậu Giang,,Quận 6,Tp Hồ Chí Minh,"Đường Hậu Giang, Phường 11, Quận 6, Thành phố Hồ Chí Minh, Việt Nam",,0,0,0,0,2025-05-30 15:07:43,2026-04-01 11:38:11,,2025-05-30 15:07:42,0,0,0,0,0,0,,Khu dân cư,,
1877170579,Ansana by Kita,Ansana by Kita,Căn hộ chung cư,"69-79-89 Võ Văn Kiệt, Phường An Lạc, Quận Bình Tân, TP.HCM",Phường An Lạc,Quận Bình Tân,Tp Hồ Chí Minh,,Sắp mở bán,2,0,2,0,2026-03-23 13:57:39,2026-04-01 11:40:10,2025-12-01 00:00:00,2026-03-23 13:57:39,0,0,0,-1,0,-1,Kita Group,Căn hộ chung cư,Đang thi công,Sắp mở bán
1902324912,SGO La Emera Phú Yên,SGO La Emera Phú Yên,Đất nền,"Đường Hùng Vương, Xã Bình Kiến, Thành phố Tuy Hòa, Phú Yên",Xã Bình Kiến,Thành phố Tuy Hòa,Phú Yên,,,0,0,0,0,2025-05-30 15:07:44,2026-03-30 10:20:09,,2025-05-30 15:07:42,0,0,0,0,0,0,,Đất nền,,
1909104752,KDC New City,KDC New City,Khu dân cư,Đường Quốc lộ 22,,Huyện Củ Chi,Tp Hồ Chí Minh,"Đường Quốc lộ 22, Xã Tân Phú Trung, Huyện Củ Chi, Thành phố Hồ Chí Minh, Việt Nam",,0,0,0,0,2025-05-30 15:07:43,2026-04-01 11:38:11,,2025-05-30 15:07:42,0,0,0,0,0,0,,Khu dân cư,,
1915162471,Gladia by The Waters,Gladia by The Waters,"Biệt thự, liền kề","Đ. Võ Chí Công, Bình Trưng Đông, Thủ Đức, Hồ Chí Minh, Vietnam",Phường Bình Trưng Đông (Quận 2 cũ),Thành phố Thủ Đức,Tp Hồ Chí Minh,,Đang mở bán,0,0,0,0,2025-07-23 18:19:49,2026-04-01 11:40:10,2024-09-23 00:00:00,2025-07-23 18:19:49,0,0,-1,-1,0,-1,,"Biệt thự, liền kề",Đang thi công,Đang mở bán
1970980427,Garden Riverside,Garden Riverside,Đất nền,Đường ĐT. 818,Thị trấn Thủ Thừa,Huyện Thủ Thừa,Long An,"Đường ĐT. 818, Thị trấn Thủ Thừa, Huyện Thủ Thừa, Tỉnh Long An, Việt Nam",,0,0,0,0,2025-05-30 15:07:44,2026-03-30 10:20:09,,2025-05-30 15:07:42,0,0,0,0,0,0,,Đất nền,,
197545376,Biconsi Tower,Biconsi Tower,Căn hộ chung cư,"Số 1 đường Phú Lợi, phường Phú Lợi, TP. Thủ Dầu Một, tỉnh Bình Dương",Phường Phú Lợi,Thành phố Thủ Dầu Một,Bình Dương,,Đã bàn giao,2,7,9,0,2025-06-10 17:14:28,2026-03-30 10:20:09,2017-12-15 00:00:00,2025-06-10 17:14:28,0,0,0,-1,16000000,32000000,,Căn hộ chung cư,Đã hoàn thành,Đã bàn giao
1983851262,Khu dân cư Sài Gòn An Phú,,Khu dân cư,Đường Bình Chuẩn 62,Phường Bình Chuẩn,Thành phố Thuận An,Bình Dương,"Đường Bình Chuẩn 62, Phường Bình Chuẩn, Thành phố Thuận An, Tỉnh Bình Dương, Việt Nam",Đang mở bán,1,0,1,0,2025-10-20 13:58:55,2026-03-30 10:20:09,2025-10-20 00:00:00,2025-10-20 13:58:55,0,0,0,-1,0,-1,,Khu dân cư,Đang thi công,Đang mở bán
2033097506,The Green Town Củ Chi,The Green Town Củ Chi,Đất nền,Đường Cây Gõ,,Huyện Củ Chi,Tp Hồ Chí Minh,"Đường Cây Gõ, Xã An Phú, Huyện Củ Chi, Thành phố Hồ Chí Minh, Việt Nam",,0,0,0,0,2025-05-30 15:07:44,2026-04-01 11:40:10,,2025-05-30 15:07:42,0,0,0,0,0,0,,Đất nền,,
2037572034,Bcons Solary,Bcons Solary,Căn hộ chung cư,Đường Đông An,Phường Tân Đông Hiệp,Thành phố Dĩ An,Bình Dương,"Đường Đông An, Phường Tân Đông Hiệp, Thành phố Dĩ An, Tỉnh Bình Dương, Việt Nam",Đang mở bán,17,0,17,0,2025-06-20 12:28:03,2026-03-30 10:20:09,2023-04-01 00:00:00,2025-06-20 12:28:03,0,0,0,-1,22000000,37000000,,Căn hộ chung cư,Đang thi công,Đang mở bán
2044352130,Hoà Phú Green City,Hoà Phú Green City,Khu dân cư,Đường Sông Lu,,Huyện Củ Chi,Tp Hồ Chí Minh,"Đường Sông Lu, Xã Hòa Phú, Huyện Củ Chi, Thành phố Hồ Chí Minh, Việt Nam",,0,0,0,0,2025-05-30 15:07:43,2026-04-01 11:38:11,,2025-05-30 15:07:42,0,0,0,0,0,0,,Khu dân cư,,
2050409585,Vinhomes Hải Vân Bay,Vinhomes Hải Vân Bay,Khu đô thị mới,"Làng Vân, phường Hòa Hiệp Bắc, Quận Liên Chiểu, TP. Đà Nẵng",Phường Hòa Hiệp Bắc,Quận Liên Chiểu,Đà Nẵng,,Sắp mở bán,13,0,13,0,2026-03-17 10:09:10,2026-03-30 10:20:09,2025-06-22 00:00:00,2026-03-17 10:09:10,0,0,0,-1,0,-1,Tập đoàn Vingroup,Khu đô thị mới,Đang thi công,Sắp mở bán
2068477073,An Thịnh Happy House,An Thịnh Happy House,"Biệt thự, liền kề",Đường Hưng Nhơn,Xã Tân Kiên,Huyện Bình Chánh,Tp Hồ Chí Minh,"Đường Hưng Nhơn, Xã Tân Kiên, Huyện Bình Chánh, Thành phố Hồ Chí Minh, Việt Nam",,0,0,0,0,2025-05-30 15:07:43,2026-04-01 11:38:11,,2025-05-30 15:07:42,0,0,0,0,0,0,,"Biệt thự, liền kề",,
2089483077,Bcons Eden Park,Bcons Eden Park,"Biệt thự, liền kề",Đường Bình Thung,Phường Bình An,Thành phố Dĩ An,Bình Dương,"Đường Bình Thung, Phường Bình An, Thành phố Dĩ An, Tỉnh Bình Dương, Việt Nam",Đang mở bán,7,0,7,0,2025-07-14 10:45:46,2026-03-30 10:20:09,2025-03-29 00:00:00,2025-07-14 10:45:46,0,0,0,-1,0,-1,,"Biệt thự, liền kề",Đang thi công,Đang mở bán
2135035432,Bà Điểm Center,Bà Điểm Center,Khu dân cư,Đường Phan Văn Hớn,Xã Xuân Thới Thượng,Huyện Hóc Môn,Tp Hồ Chí Minh,"Đường Phan Văn Hớn, Xã Xuân Thới Thượng, Huyện Hóc Môn, Thành phố Hồ Chí Minh, Việt Nam",,0,0,0,0,2025-05-30 15:07:43,2026-04-01 11:38:11,,2025-05-30 15:07:42,0,0,0,0,0,0,,Khu dân cư,,
216642002,City House,City House,"Biệt thự, liền kề",Đường Nguyễn Thị Thập,,Quận 7,Tp Hồ Chí Minh,"Đường Nguyễn Thị Thập, Phường Tân Phú, Quận 7, Thành phố Hồ Chí Minh, Việt Nam",,0,0,0,0,2025-05-30 15:07:43,2026-04-01 11:38:10,,2025-05-30 15:07:42,0,0,0,0,0,0,,"Biệt thự, liền kề",,
258078772,Song Minh Residence,Song Minh Residence,Khu dân cư,Đường Thới An 16,,Quận 12,Tp Hồ Chí Minh,"Đường Thới An 16, Phường Thới An, Quận 12, Thành phố Hồ Chí Minh, Việt Nam",,0,0,0,0,2025-05-30 15:07:43,2026-04-01 11:38:11,,2025-05-30 15:07:42,0,0,0,0,0,0,,Khu dân cư,,
266233659,Newton Residence Apartment,Newton Residence Apartment,Căn hộ chung cư,"38 Trương Quốc Dung, Phường 8, Phú Nhuận, Hồ Chí Minh",Phường 8,Quận Phú Nhuận,Tp Hồ Chí Minh,,Đã bàn giao,0,0,0,0,2025-06-20 16:22:22,2026-04-01 11:40:10,2016-04-20 00:00:00,2025-06-20 16:22:22,0,0,0,-1,0,-1,,Căn hộ chung cư,Đã hoàn thành,Đã bàn giao
303177231,Central City,Central City,Đất nền,"Đường Trần Quốc Toản, Phường Quang Trung, Thành phố Uông Bí, Quảng Ninh",,Thành phố Uông Bí,Quảng Ninh,,,0,0,0,0,2025-05-30 15:07:44,2026-03-30 10:20:09,,2025-05-30 15:07:42,0,0,0,0,0,0,,Đất nền,,
326734799,Versatile Home,Versatile Home,Khu dân cư,Đường Nguyễn Sơn,,Quận Tân Phú,Tp Hồ Chí Minh,"Đường Nguyễn Sơn, Phường Phú Thạnh, Quận Tân Phú, Thành phố Hồ Chí Minh, Việt Nam",,0,0,0,0,2025-05-30 15:07:43,2026-04-01 11:38:11,,2025-05-30 15:07:42,0,0,0,0,0,0,,Khu dân cư,,
332792498,DiLi Green Hill,,Khu dân cư,"Đing Trang Hoà, Di Linh, Lâm Đồng",Xã Đinh Trang Hòa,Huyện Di Linh,Lâm Đồng,,Đang mở bán,0,0,0,0,2025-09-26 15:01:44,2026-03-30 10:20:09,2025-09-26 00:00:00,2025-09-26 15:01:44,0,0,0,-1,0,-1,,Khu dân cư,Đang thi công,Đang mở bán
351889132,Nhà phố phức hợp Pax Residence,Nhà phố phức hợp Pax Residence,Khu dân cư,Đường Nguyễn Văn Tạo,,Huyện Nhà Bè,Tp Hồ Chí Minh,"Đường Nguyễn Văn Tạo, Xã Long Thới, Huyện Nhà Bè, Thành phố Hồ Chí Minh, Việt Nam",,0,0,0,0,2025-05-30 15:07:43,2026-04-01 11:38:11,,2025-05-30 15:07:42,0,0,0,0,0,0,,Khu dân cư,,
371865990,Diamond City Lộc Ninh,Diamond City Lộc Ninh,Đất nền,Đường Nguyễn Tất Thành,Thị trấn Lộc Ninh,Huyện Lộc Ninh,Bình Phước,"Đường Nguyễn Tất Thành, Thị trấn Lộc Ninh, Huyện Lộc Ninh, Tỉnh Bình Phước, Việt Nam",,0,0,0,0,2025-05-30 15:07:44,2026-03-30 10:20:09,,2025-05-30 15:07:42,0,0,0,0,0,0,,Đất nền,,
388851878,Thiên Nam Residence,Thiên Nam Residence,"Biệt thự, liền kề",Đường Tân Thới Nhất 17,Phường Tân Thới Nhất,Quận 12,Tp Hồ Chí Minh,"Đường Tân Thới Nhất 17, Phường Tân Thới Nhất, Quận 12, Thành phố Hồ Chí Minh, Việt Nam",,1,0,1,0,2025-05-30 15:07:43,2026-04-01 11:38:11,,2025-05-30 15:07:42,0,0,0,0,0,0,,"Biệt thự, liền kề",,
395958165,Saigon Pennisula,Saigon Pennisula,Đất nền,Đường Đào Trí,,Quận 7,Tp Hồ Chí Minh,"Đường Đào Trí, Phường Phú Thuận, Quận 7, Thành phố Hồ Chí Minh, Việt Nam",,0,0,0,0,2025-05-30 15:07:44,2026-04-01 11:40:10,,2025-05-30 15:07:42,0,0,0,0,0,0,,Đất nền,,
401480757,Bcons Center City,Bcons Center City,Căn hộ chung cư,"đường thống nhất, Xã Bình Thắng, Dĩ An, Binh Duong, Vietnam",Phường Bình Thắng,Thành phố Dĩ An,Bình Dương,,Sắp mở bán,40,1,41,0,2026-02-27 09:24:04,2026-03-30 10:20:09,2025-12-10 00:00:00,2026-02-27 09:24:04,0,0,0,-1,0,-1,,Căn hộ chung cư,Đang thi công,Sắp mở bán
414006215,Sài Gòn Riverside Villas,Sài Gòn Riverside Villas,"Biệt thự, liền kề",Đường Tỉnh lộ 8,,Huyện Củ Chi,Tp Hồ Chí Minh,"Đường Tỉnh lộ 8, Xã Bình Mỹ, Huyện Củ Chi, Thành phố Hồ Chí Minh, Việt Nam",,0,0,0,0,2025-05-30 15:07:43,2026-04-01 11:38:10,,2025-05-30 15:07:42,0,0,0,0,0,0,,"Biệt thự, liền kề",,
418447463,Hoàng Anh Home,Hoàng Anh Home,Khu dân cư,Đường Tô Ngọc Vân,Phường Thạnh Xuân,Quận 12,Tp Hồ Chí Minh,"Đường Tô Ngọc Vân, Phường Thạnh Xuân, Quận 12, Thành phố Hồ Chí Minh, Việt Nam",,0,0,0,0,2025-05-30 15:07:43,2026-04-01 11:38:11,,2025-05-30 15:07:42,0,0,0,0,0,0,,Khu dân cư,,
431318058,Nhà phố thương mại One Palace,Nhà phố thương mại One Palace,Khu dân cư,Đường Hà Huy Giáp,Phường Thạnh Lộc,Quận 12,Tp Hồ Chí Minh,"Đường Hà Huy Giáp, Phường Thạnh Lộc, Quận 12, Thành phố Hồ Chí Minh, Việt Nam",,0,0,0,0,2025-05-30 15:07:43,2026-04-01 11:38:11,,2025-05-30 15:07:42,0,0,0,0,0,0,,Khu dân cư,,
438424345,Phú Đông SkyOne,Phú Đông SkyOne,Căn hộ chung cư,"đường DT 743C, Phường Tân Đông Hiệp, Thành phố Dĩ An, Bình Dương",Phường Tân Đông Hiệp,Thành phố Dĩ An,Bình Dương,,Đang mở bán,0,0,0,0,2025-06-20 12:35:55,2026-03-30 10:20:09,2023-12-01 00:00:00,2025-06-20 12:35:55,0,0,0,-1,35000000,41000000,,Căn hộ chung cư,Đang thi công,Đang mở bán
445204697,Eco Luxury Bình Tân,Eco Luxury Bình Tân,Khu dân cư,Đường Lê Tấn Bê,,Quận Bình Tân,Tp Hồ Chí Minh,"Đường Lê Tấn Bê, Phường An Lạc, Quận Bình Tân, Thành phố Hồ Chí Minh, Việt Nam",,1,0,1,0,2025-05-30 15:07:43,2026-04-01 11:38:11,,2025-05-30 15:07:42,0,0,0,0,0,0,,Khu dân cư,,
450727289,Khu dân cư Đồng Phượng,Khu dân cư Đồng Phượng,Đất nền,Đường Nguyễn Văn Quá,Phường Đông Hưng Thuận,Quận 12,Tp Hồ Chí Minh,"Đường Nguyễn Văn Quá, Phường Đông Hưng Thuận, Quận 12, Thành phố Hồ Chí Minh, Việt Nam",,0,0,0,0,2025-05-30 15:07:44,2026-04-01 11:40:10,,2025-05-30 15:07:42,0,0,0,0,0,0,,Đất nền,,
470359038,ZEITGEIST,ZEITGEIST,Khu dân cư,Đường Nguyễn Hữu Thọ,Xã Phước Kiển,Huyện Nhà Bè,Tp Hồ Chí Minh,"Đường Nguyễn Hữu Thọ, Xã Phước Kiển, Huyện Nhà Bè, Thành phố Hồ Chí Minh, Việt Nam",,0,0,0,0,2025-05-30 15:07:43,2026-04-01 11:38:11,,2025-05-30 15:07:42,0,0,0,0,0,0,,Khu dân cư,,
493193965,Mango City,Mango City,Đất nền,"Đường Quốc lộ 1A, Xã Cam Hải Tây, Huyện Cam Lâm, Khánh Hòa",Xã Cam Hải Tây,Huyện Cam Lâm,Khánh Hòa,,,0,0,0,0,2025-05-30 15:07:44,2026-03-30 10:20:09,,2025-05-30 15:07:42,0,0,0,0,0,0,,Đất nền,,
507113104,Yên Bình K-Town,Yên Bình K-Town,Đất nền,"Lô 8, khu đô thị Yên Bình, phường Đồng Tiến, Thành Phố Phổ Yên, Tỉnh Thái Nguyên.",Phường Đồng Tiến,Thị xã Phổ Yên,Thái Nguyên,,Đang mở bán,0,0,0,0,2025-08-26 10:05:56,2026-03-30 10:20:09,2025-04-14 00:00:00,2025-08-26 10:05:56,0,0,0,-1,0,-1,,Đất nền,Đang thi công,Đang mở bán
517318896,Thới An City,Thới An City,Đất nền,Đường Lê Thị Riêng,,Quận 12,Tp Hồ Chí Minh,"Đường Lê Thị Riêng, Phường Thới An, Quận 12, Thành phố Hồ Chí Minh, Việt Nam",,0,0,0,0,2025-05-30 15:07:44,2026-04-01 11:40:10,,2025-05-30 15:07:42,0,0,0,0,0,0,,Đất nền,,
531205287,Lucky Garden,Lucky Garden,Đất nền,Đường Hà Duy Phiên,,Huyện Củ Chi,Tp Hồ Chí Minh,"Đường Hà Duy Phiên, Xã Bình Mỹ, Huyện Củ Chi, Thành phố Hồ Chí Minh, Việt Nam",,0,0,0,0,2025-05-30 15:07:44,2026-04-01 11:40:10,,2025-05-30 15:07:42,0,0,0,0,0,0,,Đất nền,,
561882212,Ruby City Bảo Lộc,Ruby City Bảo Lộc,Đất nền,Đường Trần Phú,Phường Lộc Sơn,Thành phố Bảo Lộc,Lâm Đồng,"Đường Trần Phú, Phường Lộc Sơn, Thành phố Bảo Lộc, Tỉnh Lâm Đồng, Việt Nam",,1,0,1,0,2025-05-30 15:07:44,2026-03-30 10:20:09,,2025-05-30 15:07:42,0,0,0,0,0,0,,Đất nền,,
566565156,Đầm Sen Tower,Đầm Sen Tower,Khu dân cư,"Đầm Sen Tower, Phường 5, Quận 11, Tp Hồ Chí Minh",,Quận 11,Tp Hồ Chí Minh,,,0,0,0,0,2025-05-30 15:07:43,2026-04-01 11:38:11,,2025-05-30 15:07:42,0,0,0,0,0,0,,Khu dân cư,,
573671467,Green Skyline Dĩ An,Green Skyline,Căn hộ chung cư,Đường Nguyễn An Ninh,Phường Dĩ An,Thành phố Dĩ An,Bình Dương,"Đường Nguyễn An Ninh, Phường Dĩ An, Thành phố Dĩ An, Tỉnh Bình Dương, Việt Nam",Đang mở bán,12,0,12,0,2025-12-30 15:39:41,2026-03-30 10:20:09,2023-05-24 00:00:00,2025-12-30 15:39:41,0,0,0,-1,0,-1,,Căn hộ chung cư,Đang thi công,Đang mở bán
628473855,La Pura,La Pura,Căn hộ chung cư,"QL13, Thuận An, Bình Dương",Phường Bình Hòa,Thành phố Thuận An,Bình Dương,,Đang mở bán,34,0,34,0,2025-06-20 12:33:16,2026-03-30 10:20:09,2025-04-01 00:00:00,2025-06-20 12:33:16,0,0,0,-1,0,-1,,Căn hộ chung cư,Đang thi công,Đang mở bán
659346114,Lovera Park,Lovera Park,"Biệt thự, liền kề",Đường Trịnh Quang Nghị,,Huyện Bình Chánh,Tp Hồ Chí Minh,"Đường Trịnh Quang Nghị, Xã Phong Phú, Huyện Bình Chánh, Thành phố Hồ Chí Minh, Việt Nam",,2,1,3,0,2025-05-30 15:07:43,2026-04-01 11:38:11,,2025-05-30 15:07:42,0,0,0,0,0,0,,"Biệt thự, liền kề",,
66446083,Phước Bình Home,Phước Bình Home,"Biệt thự, liền kề","Phố Tạ Quang Bửu, Phường 6, Quận 8, Tp Hồ Chí Minh",,Quận 8,Tp Hồ Chí Minh,,,0,0,0,0,2025-05-30 15:07:43,2026-04-01 11:38:10,,2025-05-30 15:07:42,0,0,0,0,0,0,,"Biệt thự, liền kề",,
677720099,Bình Mỹ River Point,Bình Mỹ River Point,Đất nền,Đường Số 181,,Huyện Củ Chi,Tp Hồ Chí Minh,"Đường Số 181, Xã Bình Mỹ, Huyện Củ Chi, Thành phố Hồ Chí Minh, Việt Nam",,0,0,0,0,2025-05-30 15:07:44,2026-04-01 11:38:11,,2025-05-30 15:07:42,0,0,0,0,0,0,,Đất nền,,
680352118,Aviva Residences,Aviva Residences,Căn hộ chung cư,"Khu dân cư Việt - Sing, An Phú, Thuận An, Bình Dương",Phường An Phú,Thành phố Thuận An,Bình Dương,,Đã bàn giao,0,0,0,0,2025-07-28 18:28:02,2026-03-30 10:20:09,2019-05-28 00:00:00,2025-07-28 18:28:02,0,0,0,-1,0,-1,,Căn hộ chung cư,Đã hoàn thành,Đã bàn giao
746943497,Sun Cora Tower,,Căn hộ chung cư,"khu đô thị Nam Hòa Xuân, phường Hòa Quý, quận Ngũ Hành Sơn, thành phố Đà Nẵng",Phường Hoà Quý,Quận Ngũ Hành Sơn,Đà Nẵng,,Đang mở bán,18,0,18,0,2025-12-09 16:13:52,2026-03-30 10:20:09,2025-10-09 00:00:00,2025-12-09 16:13:52,0,0,0,-1,0,-1,,Căn hộ chung cư,Đang thi công,Đang mở bán
77246551,Diamond Boulevard,chung cư Tân An Bình Dương,Căn hộ chung cư,Đường Đại lộ Bình Dương,Phường Thuận Giao,Thành phố Thuận An,Bình Dương,"Đường Đại lộ Bình Dương, Phường Thuận Giao, Thành phố Thuận An, Tỉnh Bình Dương, Việt Nam",Đang mở bán,9,0,9,0,2026-03-16 10:13:11,2026-03-30 10:20:09,2023-03-10 00:00:00,2026-03-16 10:13:11,6609,6609,-1,-1,31000000,-1,Tập đoàn Tecco,Căn hộ chung cư,Đang thi công,Đang mở bán
801732291,Axis Hồ Tràm,Axis Hồ Tràm,Đất nền,Đường Ven Biển,Xã Phước Thuận,Huyện Xuyên Mộc,Bà Rịa - Vũng Tàu,"Đường Ven Biển, Bến Cát, Xã Phước Thuận, Huyện Xuyên Mộc, Tỉnh Bà Rịa - Vũng Tàu, Việt Nam",,0,0,0,0,2025-05-30 15:07:44,2026-03-30 10:20:09,,2025-05-30 15:07:42,0,0,0,0,0,0,,Đất nền,,
815599488,The Win City,The Win City – West Horizon at Sài Gòn,Khu phức hợp,"Mặt tiền Tỉnh Lộ 10 (Trần Văn Giàu nối dài), Đức Hòa",Xã Đức Hòa Hạ,Huyện Đức Hòa,Long An,,Sắp mở bán,17,0,17,0,2026-03-20 14:55:01,2026-03-30 10:20:09,2025-10-31 00:00:00,2026-03-20 14:55:01,0,0,0,-1,0,-1,Tập đoàn Thắng Lợi,Khu phức hợp,Đang thi công,Sắp mở bán
8558300,The Legend Đà Nẵng,,Căn hộ chung cư,Đường Võ Văn Kiệt,Phường An Hải Tây,Quận Sơn Trà,Đà Nẵng,"Đường Võ Văn Kiệt, Phường An Hải Tây, Quận Sơn Trà, Thành phố Đà Nẵng, Việt Nam",Đang mở bán,4,0,4,0,2025-10-01 17:46:57,2026-03-30 10:20:09,2025-02-28 00:00:00,2025-10-01 17:46:57,0,0,0,-1,0,-1,,Căn hộ chung cư,Đang thi công,Đang mở bán
861184343,Khu nhà phố MD Land,Khu nhà phố MD Land,Khu dân cư,Đường Bùi Tư Toàn,,Quận Bình Tân,Tp Hồ Chí Minh,"Đường Bùi Tư Toàn, Phường An Lạc, Quận Bình Tân, Thành phố Hồ Chí Minh, Việt Nam",,0,0,0,0,2025-05-30 15:07:43,2026-04-01 11:38:11,,2025-05-30 15:07:42,0,0,0,0,0,0,,Khu dân cư,,
868290650,Khu đô thị Kỳ Sơn,Khu đô thị Kỳ Sơn,Đất nền,"Đường Quốc lộ 6, Phường Kỳ Sơn, Thành phố Hòa Bình, Hòa Bình",Phường Kỳ Sơn,Thành phố Hòa Bình,Hòa Bình,,,0,0,0,0,2025-05-30 15:07:44,2026-03-30 10:20:09,,2025-05-30 15:07:42,0,0,0,0,0,0,,Đất nền,,
936979421,The Infinity (Charm Diamond),The Infinity (Charm Diamond),Căn hộ chung cư,"Số 30 DT743C, khu phố Thống Nhất, TP. Dĩ An, Bình Dương",Phường Dĩ An,Thành phố Dĩ An,Bình Dương,,Đang mở bán,0,0,0,0,2025-06-20 12:30:43,2026-03-30 10:20:09,2025-03-01 00:00:00,2025-06-20 12:30:43,0,0,0,-1,0,-1,,Căn hộ chung cư,Đang thi công,Đang mở bán
999063732,Bình Mỹ Residence,Bình Mỹ Residence,Đất nền,Đường Võ Văn Bích,,Huyện Củ Chi,Tp Hồ Chí Minh,"Đường Võ Văn Bích, Xã Bình Mỹ, Huyện Củ Chi, Thành phố Hồ Chí Minh, Việt Nam",,0,0,0,0,2025-05-30 15:07:44,2026-04-01 11:40:10,,2025-05-30 15:07:42,0,0,0,0,0,0,,Đất nền,,
